{
    "Agnolo (of Siena)": 4.7011400996969054e-23,
    "Agnolo, Baccio d' (Baccio Baglioni)": 0.05918849846105411,
    "Agnolo, Giuliano di Baccio d'": 0.003140628297731352,
    "Agostino (of Siena)": 4.7011400996969054e-23,
    "Albertinelli, Mariotto": 0.09494670676193495,
    "Allori, Alessandro (Alessandro del Bronzino)": 0.023929656931877766,
    "Altissimo, Cristofano dell'": 0.023929656931877766,
    "Amalteo, Pomponio": 0.011353178480003518,
    "Ammanati, Bartolommeo": 0.025505464941961407,
    "Angelo, Battista d' (Battista d' Agnolo, or del Moro)": 7.313991637781175e-34,
    "Angelo, Lorentino d'": 1.620512531112396e-29,
    "Anguisciuola, Sofonisba": 7.313991637781175e-34,
    "Apelles": 0.00016125352106279852,
    "Aretino, Leone (Leone Lioni)": 7.313991637781175e-34,
    "Aretino, Spinello": 2.360926399821491e-24,
    "Avanzi, Jacopo (Jacopo Davanzo)": 2.360926399821491e-24,
    "Bagnacavallo, Bartolommeo da (Bartolommeo Ramenghi)": 0.07049904981729911,
    "Baldovinetti, Alesso": 7.313991637781175e-34,
    "Banco, Nanni d' Antonio di": 0.004553957065765666,
    "Bandinelli, Baccio (Baccio de' Brandini)": 0.021631227677132277,
    "Bandinelli, Clemente": 0.003140628297731352,
    "Barile, Gian (Giovan)": 0.07049904981729911,
    "Barile, Gian (of Florence)": 0.038504922692432816,
    "Barozzi, Jacopo (Vignuola)": 0.006393743835710068,
    "Baviera": 0.10878756360566545,
    "Bazzi, Giovanni Antonio (Il Sodoma)": 0.0016505669198685958,
    "Beccafumi, Domenico (Domenico di Pace)": 0.011368761637503295,
    "Bellini, Gentile": 0.0144779787496643,
    "Bellini, Giovanni": 0.05599624601746975,
    "Bellini, Jacopo": 0.033501027788494585,
    "Bembi, Bonifazio": 0.01854116745325387,
    "Bernazzano, Cesare": 0.0030073600036416865,
    "Biagio (pupil of Botticelli)": 0.00016125352106279852,
    "Bigio, Nanni di Baccio (Giovanni di Baccio)": 0.04411655348509196,
    "Boccaccino, Boccaccio": 0.0309707383107839,
    "Bologhini, Bartolommeo": 0.0003059369419084307,
    "Bolognese, Marc' Antonio (Marc' Antonio Raimondi, or de' Franci)": 0.13105940452741477,
    "Bordone, Paris": 0.030947559782595155,
    "Botticelli, Sandro (Sandro di Botticello, or Alessandro Filipepi)": 0.001110488773321625,
    "Bronzino, Agnolo": 0.057958049337901024,
    "Brugnuoli, Bernardino": 0.002266578262083524,
    "Brunelleschi, Filippo (Filippo di Ser Brunellesco)": 0.026808381216403325,
    "Buda, Girolamo del": 0.0037549372343325077,
    "Buffalmacco, Buonamico": 2.291750799494703e-29,
    "Bugiardini, Giuliano": 0.032630154137120025,
    "Buonarroti, Michelagnolo": 0.10685504528077132,
    "Busto, Agostino (Il Bambaja)": 7.313991637781175e-34,
    "Calcagni, Tiberio": 0.015514746114428532,
    "Caliari, Paolo (Paolo Veronese)": 1.1020534743544573e-21,
    "Campo, Giulio": 7.313991637781175e-34,
    "Canneri, Anselmo": 8.206378224398425e-22,
    "Capanna, Puccio": 0.0020625316729865266,
    "Caporali, Benedetto (Giovan Battista)": 0.003745178190080306,
    "Caraglio, Giovanni Jacopo": 0.030611199167003254,
    "Caravaggio, Polidoro da (Polidoro Caldara)": 7.313991637781175e-34,
    "Caroto, Giovanni": 8.206378224398425e-22,
    "Carpaccio (Scarpaccia), Vittore": 0.008129232850021016,
    "Carpi, Girolamo da (Girolamo da Ferrara)": 0.03410670008367915,
    "Carpi, Ugo da": 0.07049904981729911,
    "Casentino, Jacopo di": 2.360926399821491e-24,
    "Castagno, Andrea dal (Andrea degli Impiccati)": 1.620512531112396e-29,
    "Castelfranco, Giorgione da": 0.1339469006117046,
    "Cattaneo, Danese (Danese da Carrara)": 7.313991637781175e-34,
    "Cavalieri, Giovan Battista de'": 0.015514746114428532,
    "Cavallini, Pietro": 0.0020625316729865266,
    "Cavazzuola, Paolo (Paolo Morando)": 0.005221459569788033,
    "Cellini, Benvenuto": 0.007705501801585033,
    "Ceri, Andrea de'": 0.059724982785091016,
    "Cimabue, Giovanni": 0.0025478890182432145,
    "Cinque, Battista del": 0.018150100428093233,
    "Ciuffagni, Bernardo": 0.00010024491067205561,
    "Claudio, Maestro": 0.02908144834101342,
    "Clemente, Prospero": 0.027366655648703397,
    "Cock, Hieronymus": 0.11946692609587636,
    "Colle, Raffaello dal (Raffaello dal Borgo)": 1.7706947998661196e-24,
    "Como, Guido da": 0.0003769048490587055,
    "Conte, Jacopo del": 0.009223585785022604,
    "Conti, Domenico": 0.04043989242597833,
    "Contucci, Andrea (Andrea Sansovino)": 0.04139763516741836,
    "Correggio, Antonio da": 0.03995275478423959,
    "Cosimo, Andrea di (Andrea di Cosimo Feltrini)": 0.04304887869774976,
    "Cosimo, Piero di": 0.050202150509614664,
    "Cosini, Silvio (Silvio da Fiesole)": 2.5348024312816452e-23,
    "Costa, Lorenzo": 0.08473306473807146,
    "Cotignola, Francesco da (Francesco de' Zaganelli": 7.313991637781175e-34,
    "Credi, Lorenzo di": 0.04761818940992857,
    "Credi, Maestro": 0.018343364709336864,
    "Cristofano": 2.360926399821491e-24,
    "Cronaca, Il (Simone del Pollaiuolo)": 0.015377827148557394,
    "Cungi, Battista": 1.7706947998661196e-24,
    "Daddi, Bernardo": 2.360926399821491e-24,
    "Dente, Marco (Marco da Ravenna)": 0.15100440454824726,
    "Donato (Donatello)": 0.03136364015126292,
    "Donzello, Polito del": 0.001106141281892969,
    "Dossi, Battista": 0.0030073600036416865,
    "Dossi, Dosso": 0.017707734701631433,
    "Dï¿½rer, Albrecht": 0.07109059985599994,
    "Fabbro, Pippo del": 0.013334727944812268,
    "Fabriano, Gentile da": 7.313991637781175e-34,
    "Farinato, Battista (Battista da Verona)": 4.703754393200756e-22,
    "Feltro, Morto da": 0.03133628531083689,
    "Fiesole, Andrea da (Andrea Ferrucci)": 5.500740502391114e-23,
    "Filarete, Antonio": 0.0006903583986554636,
    "Fivizzano": 0.08247182658034467,
    "Fontana, Prospero": 0.006393743835710068,
    "Forlï¿½, Melozzo da": 7.313991637781175e-34,
    "Francesca, Piero della (Piero Borghese, or Piero dal Borgo a San Sepolcro)": 2.291750799494703e-29,
    "Francesco, Mariotto di": 0.014528860775052539,
    "Francia, Francesco": 0.08247182658034467,
    "Franciabigio (Francia)": 0.05702112325423439,
    "Franco, Battista (Battista Semolei)": 0.054491311415836186,
    "Gaddi, Agnolo": 0.00246600870458615,
    "Gaddi, Gaddo": 0.0007468698617361711,
    "Gaddi, Giovanni": 0.00035807453451377596,
    "Gaddi, Taddeo": 0.002420606207500302,
    "Galassi, Galasso (Galasso Ferrarese)": 2.360926399821491e-24,
    "Gambara, Lattanzio": 7.313991637781175e-34,
    "Garofalo, Benvenuto (Benvenuto Tisi)": 0.09804785255044089,
    "Genga, Bartolommeo": 0.011804876764667708,
    "Genga, Girolamo": 0.026818592743687513,
    "Gherardi, Cristofano (Doceno)": 3.541389599732239e-24,
    "Gherardo (of Florence)": 0.0010636558607487938,
    "Ghiberti, Bartoluccio": 0.002138686456461986,
    "Ghiberti, Bonaccorso": 0.0024480961804122367,
    "Ghiberti, Lorenzo (Lorenzo di Bartoluccio Ghiberti, or Lorenzo di Cione Ghiberti)": 0.014411985106670697,
    "Ghiberti, Vittorio": 0.002092620958407469,
    "Ghirlandajo, Benedetto": 0.004054357637244451,
    "Ghirlandajo, David": 0.020597232818897603,
    "Ghirlandajo, Domenico": 0.0073252384990953115,
    "Ghirlandajo, Michele di Ridolfo": 0.024897289041318035,
    "Ghirlandajo, Ridolfo": 0.17148623040189256,
    "Giamberti, Francesco": 0.020778192142612475,
    "Giocondo, Fra": 0.10627175158381098,
    "Giotto": 0.014204831973437396,
    "Giovanni, Bruno di": 1.620512531112396e-29,
    "Gozzoli, Benozzo": 7.313991637781175e-34,
    "Graffione": 7.313991637781175e-34,
    "Granacci, Francesco (Il Granaccio)": 0.01956910375167298,
    "Indaco, Jacopo dell'": 0.015514746114428532,
    "Jacone (Jacopo)": 0.02012566083599911,
    "Lancia, Baldassarre": 7.313991637781175e-34,
    "Lancia, Pompilio": 2.360926399821491e-24,
    "Lappoli, Giovanni Antonio": 0.11705950732186017,
    "Lastricati, Zanobi": 2.360926399821491e-24,
    "Laurati, Pietro (Pietro Lorenzetti)": 0.0021069560984154742,
    "Leyden, Lucas van (Lucas of Holland)": 0.010320840369295875,